Difference,Parameter,Reference,
-4.87,Gm,Hoyos et al. (2011),
-4.759199791,Gm,Hoyos et al. (2011),
-4.743,Gm,Hoyos et al. (2011),
-4.6874003,Gm,Hoyos et al. (2011),
-4.545200224,Gm,Hoyos et al. (2011),
-4.307599926,Gm,Hoyos et al. (2011),
-4.157999973,Gm,Hoyos et al. (2011),
-4.09,Gm,Hoyos et al. (2011),
-3.79080019,Gm,Hoyos et al. (2011),
-3.7638,Gm,Hoyos et al. (2011),
-3.672800255,Gm,Hoyos et al. (2011),
-3.644400034,Gm,Hoyos et al. (2011),
-3.63,Gm,Hoyos et al. (2011),
-3.6299999,Gm,Hoyos et al. (2011),
-3.5900002,Gm,Hoyos et al. (2011),
-3.5900002,Gm,Hoyos et al. (2011),
-3.569200115,Gm,Hoyos et al. (2011),
-3.5388002,Gm,Hoyos et al. (2011),
-3.507599983,Gm,Hoyos et al. (2011),
-3.418800054,Gm,Hoyos et al. (2011),
-3.412800188,Gm,Hoyos et al. (2011),
-3.339199944,Gm,Hoyos et al. (2011),
-3.33200016,Gm,Hoyos et al. (2011),
-3.216799841,Gm,Hoyos et al. (2011),
-3.1900005,Gm,Hoyos et al. (2011),
-3.121199927,Gm,Hoyos et al. (2011),
-3.0952001,Gm,Hoyos et al. (2011),
-3.0928001,Gm,Hoyos et al. (2011),
-3.047600126,Gm,Hoyos et al. (2011),
-2.99,Gm,Hoyos et al. (2011),
-2.96399994,Gm,Hoyos et al. (2011),
-2.948800106,Gm,Hoyos et al. (2011),
-2.91159977,Gm,Hoyos et al. (2011),
-2.9099998,Gm,Hoyos et al. (2011),
-2.857999935,Gm,Hoyos et al. (2011),
-2.8123999,Gm,Hoyos et al. (2011),
-2.73,Gm,Hoyos et al. (2011),
-2.71,Gm,Hoyos et al. (2011),
-2.6792,Gm,Hoyos et al. (2011),
-2.6681998,Gm,Hoyos et al. (2011),
-2.6599998,Gm,Hoyos et al. (2011),
-2.6399999,Gm,Hoyos et al. (2011),
-2.6399999,Gm,Hoyos et al. (2011),
-2.624800158,Gm,Hoyos et al. (2011),
-2.616400099,Gm,Hoyos et al. (2011),
-2.606400137,Gm,Hoyos et al. (2011),
-2.5599995,Gm,Hoyos et al. (2011),
-2.492800245,Gm,Hoyos et al. (2011),
-2.49,Gm,Hoyos et al. (2011),
-2.4699998,Gm,Hoyos et al. (2011),
-2.44,Gm,Hoyos et al. (2011),
-2.42,Gm,Hoyos et al. (2011),
-2.36,Gm,Hoyos et al. (2011),
-2.35320013,Gm,Hoyos et al. (2011),
-2.34,Gm,Hoyos et al. (2011),
-2.3300002,Gm,Hoyos et al. (2011),
-2.3208,Gm,Hoyos et al. (2011),
-2.3200002,Gm,Hoyos et al. (2011),
-2.314000006,Gm,Hoyos et al. (2011),
-2.31,Gm,Hoyos et al. (2011),
-2.301600056,Gm,Hoyos et al. (2011),
-2.286000056,Gm,Hoyos et al. (2011),
-2.2800002,Gm,Hoyos et al. (2011),
-2.27,Gm,Hoyos et al. (2011),
-2.25,Gm,Hoyos et al. (2011),
-2.247999895,Gm,Hoyos et al. (2011),
-2.2280006,Gm,Hoyos et al. (2011),
-2.2011998,Gm,Hoyos et al. (2011),
-2.186799884,Gm,Hoyos et al. (2011),
-2.150000057,Gm,Hoyos et al. (2011),
-2.0956001,Gm,Hoyos et al. (2011),
-2.0099998,Gm,Hoyos et al. (2011),
-2.00359983,Gm,Hoyos et al. (2011),
-1.9899999,Gm,Hoyos et al. (2011),
-1.96,Gm,Hoyos et al. (2011),
-1.9599998,Gm,Hoyos et al. (2011),
-1.9599998,Gm,Hoyos et al. (2011),
-1.9599998,Gm,Hoyos et al. (2011),
-1.9499998,Gm,Hoyos et al. (2011),
-1.9399998,Gm,Hoyos et al. (2011),
-1.925599967,Gm,Hoyos et al. (2011),
-1.887200019,Gm,Hoyos et al. (2011),
-1.8646002,Gm,Hoyos et al. (2011),
-1.8265998,Gm,Hoyos et al. (2011),
-1.822800002,Gm,Hoyos et al. (2011),
-1.8140001,Gm,Hoyos et al. (2011),
-1.809200163,Gm,Hoyos et al. (2011),
-1.797999852,Gm,Hoyos et al. (2011),
-1.79,Gm,Hoyos et al. (2011),
-1.78,Gm,Hoyos et al. (2011),
-1.7725999,Gm,Hoyos et al. (2011),
-1.77,Gm,Hoyos et al. (2011),
-1.769,Gm,Hoyos et al. (2011),
-1.751600022,Gm,Hoyos et al. (2011),
-1.7399999,Gm,Hoyos et al. (2011),
-1.7392001,Gm,Hoyos et al. (2011),
-1.738000038,Gm,Hoyos et al. (2011),
-1.73,Gm,Hoyos et al. (2011),
-1.71,Gm,Hoyos et al. (2011),
-1.701999955,Gm,Hoyos et al. (2011),
-1.6800001,Gm,Hoyos et al. (2011),
-1.6700001,Gm,Hoyos et al. (2011),
-1.665599966,Gm,Hoyos et al. (2011),
-1.653200121,Gm,Hoyos et al. (2011),
-1.6392002,Gm,Hoyos et al. (2011),
-1.626400118,Gm,Hoyos et al. (2011),
-1.6099999,Gm,Hoyos et al. (2011),
-1.5899999,Gm,Hoyos et al. (2011),
-1.5899999,Gm,Hoyos et al. (2011),
-1.5896003,Gm,Hoyos et al. (2011),
-1.57,Gm,Hoyos et al. (2011),
-1.5699999,Gm,Hoyos et al. (2011),
-1.5696001,Gm,Hoyos et al. (2011),
-1.5600002,Gm,Hoyos et al. (2011),
-1.559200187,Gm,Hoyos et al. (2011),
-1.5548,Gm,Hoyos et al. (2011),
-1.5508,Gm,Hoyos et al. (2011),
-1.5484002,Gm,Hoyos et al. (2011),
-1.54759994,Gm,Hoyos et al. (2011),
-1.5309997,Gm,Hoyos et al. (2011),
-1.5299999,Gm,Hoyos et al. (2011),
-1.51600004,Gm,Hoyos et al. (2011),
-1.5099999,Gm,Hoyos et al. (2011),
-1.5099999,Gm,Hoyos et al. (2011),
-1.498399916,Gm,Hoyos et al. (2011),
-1.49,Gm,Hoyos et al. (2011),
-1.487199917,Gm,Hoyos et al. (2011),
-1.4699999,Gm,Hoyos et al. (2011),
-1.46,Gm,Hoyos et al. (2011),
-1.46,Gm,Hoyos et al. (2011),
-1.4576001,Gm,Hoyos et al. (2011),
-1.4499999,Gm,Hoyos et al. (2011),
-1.4378002,Gm,Hoyos et al. (2011),
-1.4300001,Gm,Hoyos et al. (2011),
-1.4228001,Gm,Hoyos et al. (2011),
-1.4200001,Gm,Hoyos et al. (2011),
-1.411199958,Gm,Hoyos et al. (2011),
-1.409600019,Gm,Hoyos et al. (2011),
-1.4000006,Gm,Hoyos et al. (2011),
-1.390400181,Gm,Hoyos et al. (2011),
-1.38,Gm,Hoyos et al. (2011),
-1.371200047,Gm,Hoyos et al. (2011),
-1.3700001,Gm,Hoyos et al. (2011),
-1.3549995,Gm,Hoyos et al. (2011),
-1.349600334,Gm,Hoyos et al. (2011),
-1.343200126,Gm,Hoyos et al. (2011),
-1.341199837,Gm,Hoyos et al. (2011),
-1.3399999,Gm,Hoyos et al. (2011),
-1.332000027,Gm,Hoyos et al. (2011),
-1.3199999,Gm,Hoyos et al. (2011),
-1.310000014,Gm,Hoyos et al. (2011),
-1.31,Gm,Hoyos et al. (2011),
-1.3,Gm,Hoyos et al. (2011),
-1.296799879,Gm,Hoyos et al. (2011),
-1.2951999,Gm,Hoyos et al. (2011),
-1.29,Gm,Hoyos et al. (2011),
-1.2810001,Gm,Hoyos et al. (2011),
-1.27,Gm,Hoyos et al. (2011),
-1.2642,Gm,Hoyos et al. (2011),
-1.2580004,Gm,Hoyos et al. (2011),
-1.25,Gm,Hoyos et al. (2011),
-1.2452,Gm,Hoyos et al. (2011),
-1.2399999,Gm,Hoyos et al. (2011),
-1.236400185,Gm,Hoyos et al. (2011),
-1.23,Gm,Hoyos et al. (2011),
-1.211600043,Gm,Hoyos et al. (2011),
-1.21079977,Gm,Hoyos et al. (2011),
-1.21,Gm,Hoyos et al. (2011),
-1.2030001,Gm,Hoyos et al. (2011),
-1.193999853,Gm,Hoyos et al. (2011),
-1.188399966,Gm,Hoyos et al. (2011),
-1.1802001,Gm,Hoyos et al. (2011),
-1.1740017,Gm,Hoyos et al. (2011),
-1.1666,Gm,Hoyos et al. (2011),
-1.164400034,Gm,Hoyos et al. (2011),
-1.161199985,Gm,Hoyos et al. (2011),
-1.16,Gm,Hoyos et al. (2011),
-1.1571999,Gm,Hoyos et al. (2011),
-1.1394001,Gm,Hoyos et al. (2011),
-1.120000033,Gm,Hoyos et al. (2011),
-1.1199999,Gm,Hoyos et al. (2011),
-1.115999956,Gm,Hoyos et al. (2011),
-1.110000005,Gm,Hoyos et al. (2011),
-1.093200097,Gm,Hoyos et al. (2011),
-1.086400156,Gm,Hoyos et al. (2011),
-1.0799999,Gm,Hoyos et al. (2011),
-1.068800154,Gm,Hoyos et al. (2011),
-1.068399944,Gm,Hoyos et al. (2011),
-1.062000046,Gm,Hoyos et al. (2011),
-1.06,Gm,Hoyos et al. (2011),
-1.0499997,Gm,Hoyos et al. (2011),
-1.049200068,Gm,Hoyos et al. (2011),
-1.03,Gm,Hoyos et al. (2011),
-1.03,Gm,Hoyos et al. (2011),
-1.027600107,Gm,Hoyos et al. (2011),
-1.023599997,Gm,Hoyos et al. (2011),
-1.0200002,Gm,Hoyos et al. (2011),
-1,Gm,Hoyos et al. (2011),
-0.998800044,Gm,Hoyos et al. (2011),
-0.98459995,Gm,Hoyos et al. (2011),
-0.9832001,Gm,Hoyos et al. (2011),
-0.98,Gm,Hoyos et al. (2011),
-0.970799999,Gm,Hoyos et al. (2011),
-0.966799822,Gm,Hoyos et al. (2011),
-0.9662,Gm,Hoyos et al. (2011),
-0.9624001,Gm,Hoyos et al. (2011),
-0.96099985,Gm,Hoyos et al. (2011),
-0.9500003,Gm,Hoyos et al. (2011),
-0.9499999,Gm,Hoyos et al. (2011),
-0.946000063,Gm,Weinzirl et al. (2014),
-0.942800093,Gm,Weinzirl et al. (2014),
-0.937199965,Gm,Weinzirl et al. (2014),
-0.93000007,Gm,Weinzirl et al. (2014),
-0.93,Gm,Weinzirl et al. (2014),
-0.925200026,Gm,Weinzirl et al. (2014),
-0.9239998,Gm,Weinzirl et al. (2014),
-0.9209995,Gm,Weinzirl et al. (2014),
-0.9200001,Gm,Weinzirl et al. (2014),
-0.9158001,Gm,Weinzirl et al. (2014),
-0.91280004,Gm,Weinzirl et al. (2014),
-0.90999997,Gm,Weinzirl et al. (2014),
-0.90999985,Gm,Weinzirl et al. (2014),
-0.901199946,Gm,Weinzirl et al. (2014),
-0.895200067,Gm,Weinzirl et al. (2014),
-0.88999987,Gm,Weinzirl et al. (2014),
-0.889199971,Gm,Weinzirl et al. (2014),
-0.873999844,Gm,Weinzirl et al. (2014),
-0.873599787,Gm,Weinzirl et al. (2014),
-0.86960006,Gm,Weinzirl et al. (2014),
-0.868000064,Gm,Weinzirl et al. (2014),
-0.865599976,Gm,Weinzirl et al. (2014),
-0.8599999,Gm,Weinzirl et al. (2014),
-0.85099995,Gm,Weinzirl et al. (2014),
-0.8499999,Gm,Weinzirl et al. (2014),
-0.84000003,Gm,Weinzirl et al. (2014),
-0.839999952,Gm,Weinzirl et al. (2014),
-0.8399999,Gm,Weinzirl et al. (2014),
-0.837600174,Gm,Weinzirl et al. (2014),
-0.833999939,Gm,Weinzirl et al. (2014),
-0.8299999,Gm,Weinzirl et al. (2014),
-0.826,Gm,Weinzirl et al. (2014),
-0.825199862,Gm,Weinzirl et al. (2014),
-0.8200002,Gm,Weinzirl et al. (2014),
-0.79999995,Gm,Weinzirl et al. (2014),
-0.79999995,Gm,Weinzirl et al. (2014),
-0.794400046,Gm,Weinzirl et al. (2014),
-0.784799938,Gm,Weinzirl et al. (2014),
-0.78119998,Gm,Weinzirl et al. (2014),
-0.77400017,Gm,Weinzirl et al. (2014),
-0.771200004,Gm,Weinzirl et al. (2014),
-0.77119998,Gm,Weinzirl et al. (2014),
-0.770800011,Gm,Weinzirl et al. (2014),
-0.77,Gm,Weinzirl et al. (2014),
-0.765200047,Gm,Weinzirl et al. (2014),
-0.753999958,Gm,Weinzirl et al. (2014),
-0.75,Gm,Weinzirl et al. (2014),
-0.74,Gm,Weinzirl et al. (2014),
-0.739999957,Gm,Weinzirl et al. (2014),
-0.73820007,Gm,Weinzirl et al. (2014),
-0.737600014,Gm,Weinzirl et al. (2014),
-0.73,Gm,Weinzirl et al. (2014),
-0.726800015,Gm,Weinzirl et al. (2014),
-0.72160006,Gm,Weinzirl et al. (2014),
-0.7199993,Gm,Weinzirl et al. (2014),
-0.717999997,Gm,Weinzirl et al. (2014),
-0.715599983,Gm,Weinzirl et al. (2014),
-0.713200045,Gm,Weinzirl et al. (2014),
-0.712400007,Gm,Weinzirl et al. (2014),
-0.710399923,Gm,Weinzirl et al. (2014),
-0.70759994,Gm,Weinzirl et al. (2014),
-0.704799924,Gm,Weinzirl et al. (2014),
-0.69000006,Gm,Weinzirl et al. (2014),
-0.6899996,Gm,Weinzirl et al. (2014),
-0.684400077,Gre,Hoyos et al. (2011),
-0.6800003,Gre,Hoyos et al. (2011),
-0.67999995,Gre,Hoyos et al. (2011),
-0.670800052,Gre,Hoyos et al. (2011),
-0.670399928,Gre,Hoyos et al. (2011),
-0.6700001,Gre,Hoyos et al. (2011),
-0.6700001,Gre,Hoyos et al. (2011),
-0.6700001,Gre,Hoyos et al. (2011),
-0.6664001,Gre,Hoyos et al. (2011),
-0.652400012,Gre,Hoyos et al. (2011),
-0.650399923,Gre,Hoyos et al. (2011),
-0.65,Gre,Hoyos et al. (2011),
-0.6499999,Gre,Hoyos et al. (2011),
-0.645200028,Gre,Hoyos et al. (2011),
-0.644800005,Gre,Hoyos et al. (2011),
-0.641600084,Gre,Hoyos et al. (2011),
-0.64000005,Gre,Hoyos et al. (2011),
-0.64,Gre,Hoyos et al. (2011),
-0.63999987,Gre,Hoyos et al. (2011),
-0.63999987,Gre,Hoyos et al. (2011),
-0.63999987,Gre,Hoyos et al. (2011),
-0.6399994,Gre,Hoyos et al. (2011),
-0.63000005,Gre,Hoyos et al. (2011),
-0.6227999,Gre,Hoyos et al. (2011),
-0.60999966,Gre,Hoyos et al. (2011),
-0.60999966,Gre,Hoyos et al. (2011),
-0.6099987,Gre,Hoyos et al. (2011),
-0.608800073,Gre,Hoyos et al. (2011),
-0.605599978,Gre,Hoyos et al. (2011),
-0.602400041,Gre,Hoyos et al. (2011),
-0.6,Gre,Hoyos et al. (2011),
-0.59960011,Gre,Hoyos et al. (2011),
-0.599200034,Gre,Hoyos et al. (2011),
-0.594799962,Gre,Hoyos et al. (2011),
-0.59000015,Gre,Hoyos et al. (2011),
-0.58999825,Gre,Hoyos et al. (2011),
-0.589199939,Gre,Hoyos et al. (2011),
-0.58000016,Gre,Hoyos et al. (2011),
-0.58000004,Gre,Hoyos et al. (2011),
-0.5799999,Gre,Hoyos et al. (2011),
-0.5799999,Gre,Hoyos et al. (2011),
-0.57999897,Gre,Hoyos et al. (2011),
-0.579199979,Gre,Hoyos et al. (2011),
-0.570399928,Gre,Hoyos et al. (2011),
-0.567199991,Gre,Hoyos et al. (2011),
-0.562799983,Gre,Hoyos et al. (2011),
-0.56139994,Gre,Hoyos et al. (2011),
-0.56000006,Gre,Hoyos et al. (2011),
-0.560000019,Gre,Hoyos et al. (2011),
-0.55760005,Gre,Hoyos et al. (2011),
-0.555599995,Gre,Hoyos et al. (2011),
-0.554799976,Gre,Hoyos et al. (2011),
-0.54999995,Gre,Hoyos et al. (2011),
-0.545999961,Gre,Hoyos et al. (2011),
-0.545599918,Gre,Hoyos et al. (2011),
-0.54519999,Gre,Hoyos et al. (2011),
-0.53999996,Gre,Hoyos et al. (2011),
-0.53999996,Gre,Hoyos et al. (2011),
-0.539599992,Gre,Hoyos et al. (2011),
-0.533,Gre,Hoyos et al. (2011),
-0.53199996,Gre,Hoyos et al. (2011),Hoya
-0.531199965,Gre,Hoyos et al. (2011),Hoya
-0.5300007,Gre,Hoyos et al. (2011),Hoya
-0.5272,Gre,Hoyos et al. (2011),Hoya
-0.5236,Gre,Hoyos et al. (2011),Hoya
-0.52,Gre,Hoyos et al. (2011),Hoya
-0.51,Gre,Hoyos et al. (2011),Hoya
-0.505599954,Gre,Hoyos et al. (2011),Hoya
-0.500399981,Gre,Hoyos et al. (2011),Hoya
-0.50000006,Gre,Hoyos et al. (2011),Hoya
-0.5,Gre,Hoyos et al. (2011),Hoya
-0.5,Gre,Hoyos et al. (2011),Hoya
-0.499600058,Gre,Hoyos et al. (2011),Hoya
-0.497599928,Gre,Hoyos et al. (2011),Hoya
-0.490000029,Gre,Hoyos et al. (2011),Hoya
-0.48979998,Gre,Hoyos et al. (2011),Hoya
-0.486000028,Gre,Hoyos et al. (2011),Hoya
-0.48000145,Gre,Hoyos et al. (2011),Hoya
-0.48000002,Gre,Hoyos et al. (2011),Hoya
-0.478000035,Gre,Hoyos et al. (2011),Hoya
-0.4699998,Gre,Hoyos et al. (2011),Hoya
-0.467199999,Gre,Hoyos et al. (2011),Hoya
-0.466399965,Gre,Hoyos et al. (2011),Hoya
-0.46000004,Gre,Hoyos et al. (2011),Hoya
-0.45899963,Gre,Hoyos et al. (2011),Hoya
-0.455200033,Gre,Hoyos et al. (2011),Hoya
-0.45360003,Gre,Hoyos et al. (2011),Hoya
-0.451999967,Gre,Hoyos et al. (2011),Hoya
-0.4500003,Gre,Hoyos et al. (2011),Hoya
-0.441200038,Gre,Hoyos et al. (2011),Hoya
-0.44000006,Gre,Hoyos et al. (2011),Hoya
-0.43999982,Gre,Hoyos et al. (2011),Hoya
-0.432399969,Gre,Hoyos et al. (2011),Hoya
-0.43039999,Gre,Hoyos et al. (2011),Hoya
-0.4300003,Gre,Hoyos et al. (2011),Hoya
-0.42999995,Gre,Hoyos et al. (2011),Hoya
-0.42999983,Gre,Hoyos et al. (2011),Hoya
-0.427200022,Gre,Hoyos et al. (2011),Hoya
-0.420399971,Gre,Hoyos et al. (2011),Hoya
-0.42000008,Gre,Hoyos et al. (2011),Hoya
-0.42000002,Gre,Hoyos et al. (2011),Hoya
-0.417599998,Gre,Hoyos et al. (2011),Hoya
-0.416000075,Gre,Hoyos et al. (2011),Hoya
-0.410799799,Gre,Hoyos et al. (2011),Hoya
-0.40999997,Gre,Hoyos et al. (2011),Hoya
-0.40000153,Gre,Hoyos et al. (2011),Hoya
-0.4000001,Gre,Hoyos et al. (2011),Hoya
-0.400000024,Gre,Hoyos et al. (2011),Hoya
-0.398399987,Gre,Hoyos et al. (2011),Hoya
-0.398000083,Gre,Hoyos et al. (2011),Hoya
-0.396800016,Gre,Hoyos et al. (2011),Hoya
-0.392800004,Gre,Hoyos et al. (2011),Hoya
-0.390000014,Gre,Hoyos et al. (2011),Hoya
-0.39,Gre,Hoyos et al. (2011),Hoya
-0.38999987,Gre,Hoyos et al. (2011),Hoya
-0.385199953,Gre,Hoyos et al. (2011),Hoya
-0.37000084,Gre,Hoyos et al. (2011),Hoya
-0.361600089,Gre,Hoyos et al. (2011),Hoya
-0.36,Gre,Hoyos et al. (2011),Hoya
-0.354000015,Gre,Hoyos et al. (2011),Hoya
-0.351600142,Gre,Hoyos et al. (2011),Hoya
-0.350800014,Gre,Hoyos et al. (2011),Hoya
-0.350000001,Gre,Hoyos et al. (2011),Hoya
-0.34999996,Gre,Hoyos et al. (2011),Hoya
-0.3409996,Gre,Hoyos et al. (2011),Hoya
-0.338399973,Gre,Hoyos et al. (2011),Hoya
-0.32000005,Gre,Hoyos et al. (2011),Hoya
-0.31999993,Gre,Hoyos et al. (2011),Hoya
-0.31999993,Gre,Hoyos et al. (2011),Hoya
-0.318399973,Gre,Hoyos et al. (2011),Hoya
-0.31040001,Gre,Hoyos et al. (2011),Hoya
-0.30999994,Gre,Hoyos et al. (2011),Hoya
-0.308399911,Gre,Hoyos et al. (2011),Hoya
-0.306400003,Gre,Hoyos et al. (2011),Hoya
-0.302400031,Gre,Hoyos et al. (2011),Hoya
-0.30000114,Gre,Hoyos et al. (2011),Hoya
-0.3000002,Gre,Hoyos et al. (2011),Hoya
-0.292800007,Gre,Hoyos et al. (2011),Hoya
-0.2928,Gre,Hoyos et al. (2011),Hoya
-0.292400103,Gre,Hoyos et al. (2011),Hoya
-0.29000092,Gre,Hoyos et al. (2011),Hoya
-0.28999996,Gre,Hoyos et al. (2011),Hoya
-0.28999996,Gre,Hoyos et al. (2011),Hoya
-0.289999,Gre,Hoyos et al. (2011),Hoya
-0.28899956,Gre,Hoyos et al. (2011),Hoya
-0.287599983,Gre,Hoyos et al. (2011),Hoya
-0.287599972,Gre,Hoyos et al. (2011),Hoya
-0.282799973,Gre,Hoyos et al. (2011),Hoya
-0.2819996,Gre,Hoyos et al. (2011),Hoya
-0.27999997,Gre,Hoyos et al. (2011),Hoya
-0.27999997,Gre,Hoyos et al. (2011),Hoya
-0.27999973,Gre,Hoyos et al. (2011),Hoya
-0.271600053,Gre,Hoyos et al. (2011),Hoya
-0.27000046,Gre,Hoyos et al. (2011),Hoya
-0.26999998,Gre,Hoyos et al. (2011),Hoya
-0.26999998,Gre,Hoyos et al. (2011),Hoya
-0.260399992,Gre,Hoyos et al. (2011),Hoya
-0.26,Gre,Hoyos et al. (2011),Hoya
-0.256799991,Gre,Hoyos et al. (2011),Hoya
-0.25,Gre,Hoyos et al. (2011),Hoya
-0.248400007,Gre,Hoyos et al. (2011),Hoya
-0.2480011,Gre,Hoyos et al. (2011),Hoya
-0.247200022,Gre,Hoyos et al. (2011),Hoya
-0.24000001,Gre,Hoyos et al. (2011),Hoya
-0.24000001,Gre,Hoyos et al. (2011),Hoya
-0.23999977,Gre,Hoyos et al. (2011),Hoya
-0.23999977,Gre,Hoyos et al. (2011),Hoya
-0.23999977,Gre,Hoyos et al. (2011),Hoya
-0.22999954,Gre,Hoyos et al. (2011),Hoya
-0.223999958,Gre,Hoyos et al. (2011),Hoya
-0.21999997,Gre,Hoyos et al. (2011),Hoya
-0.21999991,Gre,Hoyos et al. (2011),Hoya
-0.21299934,Gre,Hoyos et al. (2011),Hoya
-0.21000099,Gre,Hoyos et al. (2011),Hoya
-0.21000004,Gre,Hoyos et al. (2011),Hoya
-0.21000004,Gre,Hoyos et al. (2011),Hoya
-0.21000004,Gre,Hoyos et al. (2011),Hoya
-0.21000004,Gre,Hoyos et al. (2011),Hoya
-0.20999992,Gre,Hoyos et al. (2011),Hoya
-0.20999908,Gre,Hoyos et al. (2011),Hoya
-0.20999908,Gre,Hoyos et al. (2011),Hoya
-0.20000005,Gre,Hoyos et al. (2011),Hoya
-0.19999993,Gre,Hoyos et al. (2011),Hoya
-0.19999886,Gre,Hoyos et al. (2011),Hoya
-0.198800101,Gre,Hoyos et al. (2011),Hoya
-0.19000053,Gre,Hoyos et al. (2011),Hoya
-0.19000053,Gre,Hoyos et al. (2011),Hoya
-0.19000006,Gre,Hoyos et al. (2011),Hoya
-0.18999994,Gre,Hoyos et al. (2011),Hoya
-0.18000007,Gre,Hoyos et al. (2011),Hoya
-0.18000007,Gre,Hoyos et al. (2011),Hoya
-0.17999995,Gre,Hoyos et al. (2011),Hoya
-0.17999995,Gre,Hoyos et al. (2011),Hoya
-0.17000008,Gre,Hoyos et al. (2011),Hoya
-0.16999999,Gre,Hoyos et al. (2011),Hoya
-0.16999996,Gre,Hoyos et al. (2011),Hoya
-0.15999997,Gre,Hoyos et al. (2011),Hoya
-0.158799996,Gre,Hoyos et al. (2011),Hoya
-0.1500001,Gre,Hoyos et al. (2011),Hoya
-0.1500001,Gre,Hoyos et al. (2011),Hoya
-0.149999999,Gre,Hoyos et al. (2011),Hoya
-0.14999998,Gre,Hoyos et al. (2011),Hoya
-0.14999998,Gre,Hoyos et al. (2011),Hoya
-0.14999986,Gre,Hoyos et al. (2011),Hoya
-0.142400007,Gre,Hoyos et al. (2011),Hoya
-0.13999987,Gre,Hoyos et al. (2011),Hoya
-0.13400078,Gre,Hoyos et al. (2011),Hoya
-0.12999988,Gre,Hoyos et al. (2011),Hoya
-0.124799982,Gre,Hoyos et al. (2011),Hoya
-0.120000124,Gre,Hoyos et al. (2011),Hoya
-0.120000005,Gre,Hoyos et al. (2011),Hoya
-0.120000005,Gre,Hoyos et al. (2011),Hoya
-0.120000005,Gre,Hoyos et al. (2011),Hoya
-0.120000005,Gre,Hoyos et al. (2011),Hoya
-0.119999886,Gre,Hoyos et al. (2011),Hoya
-0.112999916,Gre,Hoyos et al. (2011),Hoya
-0.11199951,Gre,Hoyos et al. (2011),Hoya
-0.109999955,Gre,Hoyos et al. (2011),Hoya
-0.109999895,Gre,Hoyos et al. (2011),Hoya
-0.100000024,Gre,Weinzirl et al. (2014),Hoya
-0.09999943,Gre,Weinzirl et al. (2014),Hoya
-0.09700012,Gre,Weinzirl et al. (2014),Hoya
-0.09500027,Gre,Weinzirl et al. (2014),Hoya
-0.09000015,Gre,Weinzirl et al. (2014),Hoya
-0.089999974,Gre,Weinzirl et al. (2014),Hoya
-0.07999992,Gre,Weinzirl et al. (2014),Hoya
-0.07900047,Gre,Weinzirl et al. (2014),Hoya
-0.076999664,Gre,Weinzirl et al. (2014),Hoya
-0.069999695,Gre,Weinzirl et al. (2014),Hoya
-0.060000062,Gre,Weinzirl et al. (2014),Hoya
-0.059999943,Gre,Weinzirl et al. (2014),Hoya
-0.059999943,Gre,Weinzirl et al. (2014),Hoya
-0.050001144,Gre,Weinzirl et al. (2014),Hoya
-0.05000007,Gre,Weinzirl et al. (2014),Hoya
-0.050000012,Gre,Weinzirl et al. (2014),Hoya
-0.049999237,Gre,Weinzirl et al. (2014),Hoya
-0.049999237,Gre,Weinzirl et al. (2014),Hoya
-0.049600101,Gre,Weinzirl et al. (2014),Hoya
-0.04000002,Gre,Weinzirl et al. (2014),Hoya
-0.04000002,Gre,Weinzirl et al. (2014),Hoya
-0.03999996,Gre,Weinzirl et al. (2014),Hoya
-0.03999996,Gre,Weinzirl et al. (2014),Hoya
-0.03999901,Gre,Weinzirl et al. (2014),Hoya
-0.03000009,Gre,Weinzirl et al. (2014),Hoya
-0.029999971,Gre,Weinzirl et al. (2014),Hoya
-0.029999971,Gre,Weinzirl et al. (2014),Hoya
-0.01999998,Gre,Weinzirl et al. (2014),Hoya
-0.01999998,Gre,Weinzirl et al. (2014),Hoya
-0.016000748,Gre,Weinzirl et al. (2014),Hoya
-0.013999939,Gre,Weinzirl et al. (2014),Hoya
-0.01000011,Gre,Weinzirl et al. (2014),Hoya
-0.006000519,Gre,Weinzirl et al. (2014),Hoya
-0.005599952,Gre,Weinzirl et al. (2014),Hoya
0,Gre,Weinzirl et al. (2014),Hoya
0,Gre,Weinzirl et al. (2014),Hoya
0,Gre,Weinzirl et al. (2014),Hoya
0,Gre,Weinzirl et al. (2014),Hoya
0.00999999,Gre,Weinzirl et al. (2014),Hoya
0.010000229,Gre,Weinzirl et al. (2014),Hoya
0.010000229,Gre,Weinzirl et al. (2014),Hoya
0.011199899,Gre,Weinzirl et al. (2014),Hoya
0.01199913,Gre,Weinzirl et al. (2014),Hoya
0.013999939,Gre,Weinzirl et al. (2014),Hoya
0.017999649,Gre,Weinzirl et al. (2014),Hoya
0.01999855,Gre,Weinzirl et al. (2014),Hoya
0.01999998,Gre,Weinzirl et al. (2014),Hoya
0.020000458,Gre,Weinzirl et al. (2014),Hoya
0.020000458,Gre,Weinzirl et al. (2014),Hoya
0.02599907,Gre,Weinzirl et al. (2014),Hoya
0.028999329,Gre,Weinzirl et al. (2014),Hoya
0.029999733,Gre,Weinzirl et al. (2014),Hoya
0.030000687,Gre,Weinzirl et al. (2014),Hoya
0.032000275,Gre,Weinzirl et al. (2014),Hoya
0.038000107,Gre,Weinzirl et al. (2014),Hoya
0.03999996,Gre,Weinzirl et al. (2014),Hoya
0.03999996,Gre,Weinzirl et al. (2014),Hoya
0.03999996,Gre,Weinzirl et al. (2014),Hoya
0.04000008,Gre,Weinzirl et al. (2014),Hoya
0.042999268,Gre,Weinzirl et al. (2014),Hoya
0.049999952,Gre,Weinzirl et al. (2014),Hoya
0.05000019,Gre,Weinzirl et al. (2014),Hoya
0.05000019,Gre,Weinzirl et al. (2014),Hoya
0.05000019,Gre,Weinzirl et al. (2014),Hoya
0.058000565,Gn,Hoyos et al. (2011),Hoya
0.059000015,Gn,Hoyos et al. (2011),Hoya
0.059999466,Gn,Hoyos et al. (2011),Hoya
0.060000062,Gn,Hoyos et al. (2011),Hoya
0.060001373,Gn,Hoyos et al. (2011),Hoya
0.060998917,Gn,Hoyos et al. (2011),Hoya
0.06499863,Gn,Hoyos et al. (2011),Hoya
0.069999695,Gn,Hoyos et al. (2011),Hoya
0.06999993,Gn,Hoyos et al. (2011),Hoya
0.06999993,Gn,Hoyos et al. (2011),Hoya
0.06999993,Gn,Hoyos et al. (2011),Hoya
0.06999999,Gn,Hoyos et al. (2011),Hoya
0.072999954,Gn,Hoyos et al. (2011),Hoya
0.07700062,Gn,Hoyos et al. (2011),Hoya
0.07999992,Gn,Hoyos et al. (2011),Hoya
0.07999992,Gn,Hoyos et al. (2011),Hoya
0.07999992,Gn,Hoyos et al. (2011),Hoya
0.07999992,Gn,Hoyos et al. (2011),Hoya
0.07999992,Gn,Hoyos et al. (2011),Hoya
0.07999998,Gn,Hoyos et al. (2011),Hoya
0.09000003,Gn,Hoyos et al. (2011),Hoya
0.09000015,Gn,Hoyos et al. (2011),Hoya
0.09000015,Gn,Hoyos et al. (2011),Hoya
0.09000015,Gn,Hoyos et al. (2011),Hoya
0.0909996,Gn,Hoyos et al. (2011),Hoya
0.09700012,Gn,Hoyos et al. (2011),Hoya
0.099999905,Gn,Hoyos et al. (2011),Hoya
0.10000038,Gn,Hoyos et al. (2011),Hoya
0.1099987,Gn,Hoyos et al. (2011),Hoya
0.110000014,Gn,Hoyos et al. (2011),Hoya
0.11800003,Gn,Hoyos et al. (2011),Hoya
0.11899948,Gn,Hoyos et al. (2011),Hoya
0.11999893,Gn,Hoyos et al. (2011),Hoya
0.120000005,Gn,Hoyos et al. (2011),Hoya
0.12000084,Gn,Hoyos et al. (2011),Hoya
0.12199974,Gn,Hoyos et al. (2011),Hoya
0.122000694,Gn,Hoyos et al. (2011),Hoya
0.12699986,Gn,Hoyos et al. (2011),Hoya
0.12999916,Gn,Hoyos et al. (2011),Hoya
0.12999916,Gn,Hoyos et al. (2011),Hoya
0.13000107,Gn,Hoyos et al. (2011),Hoya
0.13199997,Gn,Hoyos et al. (2011),Hoya
0.13199997,Gn,Hoyos et al. (2011),Hoya
0.13999939,Gn,Hoyos et al. (2011),Hoya
0.13999939,Gn,Hoyos et al. (2011),Hoya
0.13999939,Gn,Hoyos et al. (2011),Hoya
0.13999987,Gn,Hoyos et al. (2011),Hoya
0.1420002,Gn,Hoyos et al. (2011),Hoya
0.14299965,Gn,Hoyos et al. (2011),Hoya
0.14999962,Gn,Hoyos et al. (2011),Hoya
0.14999962,Gn,Hoyos et al. (2011),Hoya
0.14999962,Gn,Hoyos et al. (2011),Hoya
0.14999962,Gn,Hoyos et al. (2011),Hoya
0.14999962,Gn,Hoyos et al. (2011),Hoya
0.14999962,Gn,Hoyos et al. (2011),Hoya
0.15000004,Gn,Hoyos et al. (2011),Hoya
0.15099907,Gn,Hoyos et al. (2011),Hoya
0.15400028,Gn,Hoyos et al. (2011),Hoya
0.15999985,Gn,Hoyos et al. (2011),Hoya
0.15999997,Gn,Hoyos et al. (2011),Hoya
0.16000003,Gn,Hoyos et al. (2011),Hoya
0.1600008,Gn,Hoyos et al. (2011),Hoya
0.16399956,Gn,Hoyos et al. (2011),Hoya
0.16499901,Gn,Hoyos et al. (2011),Hoya
0.16899967,Gn,Hoyos et al. (2011),Hoya
0.16900063,Gn,Hoyos et al. (2011),Hoya
0.17000008,Gn,Hoyos et al. (2011),Hoya
0.17000008,Gn,Hoyos et al. (2011),Hoya
0.17000008,Gn,Hoyos et al. (2011),Hoya
0.17300034,Gn,Hoyos et al. (2011),Hoya
0.1780014,Gn,Hoyos et al. (2011),Hoya
0.17999995,Gn,Hoyos et al. (2011),Hoya
0.1800003,Gn,Hoyos et al. (2011),Hoya
0.1800003,Gn,Hoyos et al. (2011),Hoya
0.1800003,Gn,Hoyos et al. (2011),Hoya
0.18999863,Gn,Hoyos et al. (2011),Hoya
0.18999863,Gn,Hoyos et al. (2011),Hoya
0.18999958,Gn,Hoyos et al. (2011),Hoya
0.18999958,Gn,Hoyos et al. (2011),Hoya
0.19000006,Gn,Hoyos et al. (2011),Hoya
0.19000006,Gn,Hoyos et al. (2011),Hoya
0.19000053,Gn,Hoyos et al. (2011),Hoya
0.19000053,Gn,Hoyos et al. (2011),Hoya
0.19399834,Gn,Hoyos et al. (2011),Hoya
0.1970005,Gn,Hoyos et al. (2011),Hoya
0.19799995,Gn,Hoyos et al. (2011),Hoya
0.19799995,Gn,Hoyos et al. (2011),Hoya
0.19999886,Gn,Hoyos et al. (2011),Hoya
0.19999981,Gn,Hoyos et al. (2011),Hoya
0.19999981,Gn,Hoyos et al. (2011),Hoya
0.20000005,Gn,Hoyos et al. (2011),Hoya
0.20599937,Gn,Hoyos et al. (2011),Hoya
0.20999908,Gn,Hoyos et al. (2011),Hoya
0.20999992,Gn,Hoyos et al. (2011),Hoya
0.21000004,Gn,Hoyos et al. (2011),Hoya
0.21000004,Gn,Hoyos et al. (2011),Hoya
0.21000004,Gn,Hoyos et al. (2011),Hoya
0.21000004,Gn,Hoyos et al. (2011),Hoya
0.21000004,Gn,Hoyos et al. (2011),Hoya
0.21000099,Gn,Hoyos et al. (2011),Hoya
0.214000015,Gn,Hoyos et al. (2011),Hoya
0.21899986,Gn,Hoyos et al. (2011),Hoya
0.21999931,Gn,Hoyos et al. (2011),Hoya
0.21999931,Gn,Hoyos et al. (2011),Hoya
0.21999931,Gn,Hoyos et al. (2011),Hoya
0.21999931,Gn,Hoyos et al. (2011),Hoya
0.21999931,Gn,Hoyos et al. (2011),Hoya
0.22000003,Gn,Hoyos et al. (2011),Hoya
0.22000122,Gn,Hoyos et al. (2011),Hoya
0.22299957,Gn,Hoyos et al. (2011),Hoya
0.22599983,Gn,Hoyos et al. (2011),Hoya
0.23000002,Gn,Hoyos et al. (2011),Hoya
0.2300005,Gn,Hoyos et al. (2011),Hoya
0.23099995,Gn,Hoyos et al. (2011),Hoya
0.23399925,Gn,Hoyos et al. (2011),Hoya
0.23600006,Gn,Hoyos et al. (2011),Hoya
0.23999977,Gn,Hoyos et al. (2011),Hoya
0.23999977,Gn,Hoyos et al. (2011),Hoya
0.23999977,Gn,Hoyos et al. (2011),Hoya
0.24000001,Gn,Hoyos et al. (2011),Hoya
0.24099922,Gn,Hoyos et al. (2011),Hoya
0.2470007,Gn,Hoyos et al. (2011),Hoya
0.24800014,Gn,Hoyos et al. (2011),Hoya
0.25,Gn,Hoyos et al. (2011),Hoya
0.25,Gn,Hoyos et al. (2011),Hoya
0.25,Gn,Hoyos et al. (2011),Hoya
0.25,Gn,Hoyos et al. (2011),Hoya
0.25,Gn,Hoyos et al. (2011),Hoya
0.25,Gn,Hoyos et al. (2011),Hoya
0.2510004,Gn,Hoyos et al. (2011),Hoya
0.25999832,Gn,Hoyos et al. (2011),Hoya
0.25999832,Gn,Hoyos et al. (2011),Hoya
0.26,Gn,Hoyos et al. (2011),Hoya
0.26000023,Gn,Hoyos et al. (2011),Hoya
0.26799965,Gn,Hoyos et al. (2011),Hoya
0.2699997,Gn,Hoyos et al. (2011),Hoya
0.27799988,Gn,Hoyos et al. (2011),Hoya
0.27999997,Gn,Hoyos et al. (2011),Hoya
0.2800002,Gn,Hoyos et al. (2011),Hoya
0.2800007,Gn,Hoyos et al. (2011),Hoya
0.2800007,Gn,Hoyos et al. (2011),Hoya
0.2800007,Gn,Hoyos et al. (2011),Hoya
0.2800007,Gn,Hoyos et al. (2011),Hoya
0.28299904,Gn,Hoyos et al. (2011),Hoya
0.2880001,Gn,Hoyos et al. (2011),Hoya
0.28999996,Gn,Hoyos et al. (2011),Hoya
0.29000092,Gn,Hoyos et al. (2011),Hoya
0.29100037,Gn,Hoyos et al. (2011),Hoya
0.29300022,Gn,Hoyos et al. (2011),Hoya
0.3000002,Gn,Hoyos et al. (2011),Hoya
0.30999947,Gn,Hoyos et al. (2011),Hoya
0.30999947,Gn,Hoyos et al. (2011),Hoya
0.30999947,Gn,Hoyos et al. (2011),Hoya
0.31200027,Gn,Hoyos et al. (2011),Hoya
0.3199997,Gn,Hoyos et al. (2011),Hoya
0.3249998,Gn,Hoyos et al. (2011),Hoya
0.32999992,Gn,Hoyos et al. (2011),Hoya
0.32999992,Gn,Hoyos et al. (2011),Hoya
0.33099937,Gn,Hoyos et al. (2011),Hoya
0.33300018,Gn,Hoyos et al. (2011),Hoya
0.3340006,Gn,Hoyos et al. (2011),Hoya
0.3359995,Gn,Hoyos et al. (2011),Hoya
0.3399992,Gn,Hoyos et al. (2011),Hoya
0.3409996,Gn,Hoyos et al. (2011),Hoya
0.34899902,Gn,Hoyos et al. (2011),Hoya
0.355999,Gn,Hoyos et al. (2011),Hoya
0.3560009,Gn,Hoyos et al. (2011),Hoya
0.36400032,Gn,Hoyos et al. (2011),Hoya
0.3770008,Gn,Hoyos et al. (2011),Hoya
0.37900066,Gn,Hoyos et al. (2011),Hoya
0.3800001,Gn,Hoyos et al. (2011),Hoya
0.38000107,Gn,Hoyos et al. (2011),Hoya
0.38000107,Gn,Hoyos et al. (2011),Hoya
0.3899994,Gn,Hoyos et al. (2011),Hoya
0.3899994,Gn,Hoyos et al. (2011),Hoya
0.39999962,Gn,Hoyos et al. (2011),Hoya
0.39999962,Gn,Hoyos et al. (2011),Hoya
0.39999962,Gn,Hoyos et al. (2011),Hoya
0.40000153,Gn,Hoyos et al. (2011),Hoya
0.40800095,Gn,Hoyos et al. (2011),Hoya
0.41000032,Gn,Hoyos et al. (2011),Hoya
0.4130001,Gn,Hoyos et al. (2011),Hoya
0.4130001,Gn,Hoyos et al. (2011),Hoya
0.42000008,Gn,Hoyos et al. (2011),Hoya
0.42000008,Gn,Hoyos et al. (2011),Hoya
0.42000008,Gn,Hoyos et al. (2011),Hoya
0.42000008,Gn,Hoyos et al. (2011),Hoya
0.42000008,Gn,Hoyos et al. (2011),Hoya
0.42999983,Gn,Hoyos et al. (2011),Hoya
0.42999983,Gn,Hoyos et al. (2011),Hoya
0.43900013,Gn,Hoyos et al. (2011),Hoya
0.43999863,Gn,Hoyos et al. (2011),Hoya
0.44000053,Gn,Hoyos et al. (2011),Hoya
0.45000076,Gn,Hoyos et al. (2011),Hoya
0.45899963,Gn,Hoyos et al. (2011),Hoya
0.46780014,Gn,Hoyos et al. (2011),Hoya
0.47000003,Gn,Hoyos et al. (2011),Hoya
0.47999954,Gn,Hoyos et al. (2011),Hoya
0.48000002,Gn,Hoyos et al. (2011),Hoya
0.4989996,Gn,Hoyos et al. (2011),Hoya
0.49999976,Gn,Hoyos et al. (2011),Hoya
0.5,Gn,Hoyos et al. (2011),Hoya
0.52000046,Gn,Hoyos et al. (2011),Hoya
0.5300001,Gn,Hoyos et al. (2011),Hoya
0.5300007,Gn,Hoyos et al. (2011),Hoya
0.539999,Gn,Hoyos et al. (2011),Hoya
0.5400009,Gn,Hoyos et al. (2011),Hoya
0.5420017,Gn,Hoyos et al. (2011),Hoya
0.5440006,Gn,Hoyos et al. (2011),Hoya
0.54999995,Gn,Hoyos et al. (2011),Hoya
0.5699997,Gn,Hoyos et al. (2011),Hoya
0.5799999,Gn,Hoyos et al. (2011),Hoya
0.5979996,Gn,Hoyos et al. (2011),Hoya
0.61,Gn,Hoyos et al. (2011),Hoya
0.612800388,Gn,Hoyos et al. (2011),Hoya
0.6140003,Gn,Hoyos et al. (2011),Hoya
0.62999916,Gn,Hoyos et al. (2011),Hoya
0.63699913,Gn,Hoyos et al. (2011),Hoya
0.63899994,Gn,Hoyos et al. (2011),Hoya
0.6399994,Gn,Weinzirl et al. (2014),Hoya
0.6499996,Gn,Weinzirl et al. (2014),Hoya
0.6500015,Gn,Weinzirl et al. (2014),Hoya
0.651001,Gn,Weinzirl et al. (2014),Hoya
0.6799984,Gn,Weinzirl et al. (2014),Hoya
0.6800003,Gn,Weinzirl et al. (2014),Hoya
0.7040005,Gn,Weinzirl et al. (2014),Hoya
0.7099991,Gn,Weinzirl et al. (2014),Hoya
0.73,Gn,Weinzirl et al. (2014),Hoya
0.74300003,Gn,Weinzirl et al. (2014),Hoya
0.75,Gn,Weinzirl et al. (2014),Hoya
0.75,Gn,Weinzirl et al. (2014),Hoya
0.7579994,Gn,Weinzirl et al. (2014),Hoya
0.7749996,Gn,Weinzirl et al. (2014),Hoya
0.7939997,Gn,Weinzirl et al. (2014),Hoya
0.82099915,Gn,Weinzirl et al. (2014),Hoya
0.82920002,Gn,Weinzirl et al. (2014),Hoya
0.84000015,Gn,Weinzirl et al. (2014),Hoya
0.87799835,Gn,Weinzirl et al. (2014),Hoya
0.8840008,Gn,Weinzirl et al. (2014),Hoya
0.9130001,Gn,Weinzirl et al. (2014),Hoya
0.927001,Gn,Weinzirl et al. (2014),Hoya
0.9660015,Gn,Weinzirl et al. (2014),Hoya
0.9679985,Gn,Weinzirl et al. (2014),Hoya
0.9699998,Gn,Weinzirl et al. (2014),Hoya
0.98,Gn,Weinzirl et al. (2014),Hoya
1.03,Gn,Weinzirl et al. (2014),Hoya
1.0799999,Gn,Weinzirl et al. (2014),Hoya
1.0960007,Gn,Weinzirl et al. (2014),Hoya
1.0980015,Gn,Weinzirl et al. (2014),Hoya
1.1700001,Gn,Weinzirl et al. (2014),Hoya
1.2860012,Gn,Weinzirl et al. (2014),Hoya
1.31,Gn,Weinzirl et al. (2014),Hoya
1.474799953,Gn,Weinzirl et al. (2014),Hoya
1.5100002,Gn,Weinzirl et al. (2014),Hoya
1.79,Gn,Weinzirl et al. (2014),Hoya
1.921599903,Gn,Weinzirl et al. (2014),Hoya
1.9890003,Gn,Weinzirl et al. (2014),Hoya
2.0900002,Gn,Weinzirl et al. (2014),Hoya
2.168399868,Gn,Weinzirl et al. (2014),Hoya
2.2,Gn,Weinzirl et al. (2014),Hoya
2.21,Gn,Weinzirl et al. (2014),Hoya
2.430799694,Gn,Weinzirl et al. (2014),Hoya
2.56,Gn,Weinzirl et al. (2014),Hoya
2.6000004,Gn,Weinzirl et al. (2014),Hoya
2.72,Gn,Weinzirl et al. (2014),Hoya
2.79,Gn,Weinzirl et al. (2014),Hoya
2.8899999,Gn,Weinzirl et al. (2014),Hoya
3.07,Gn,Weinzirl et al. (2014),Hoya